{
  "project_info": {
    "project_number": "913126655251",
    "firebase_url": "https://artist-hub-6efa0-default-rtdb.firebaseio.com",
    "project_id": "artist-hub-6efa0",
    "storage_bucket": "artist-hub-6efa0.appspot.com"
  },
  "client": [
    {
      "client_info": {
        "mobilesdk_app_id": "1:913126655251:android:62fcaa2fa693eb5d3446e6",
        "android_client_info": {
          "package_name": "com.cygnus.artisthub"
        }
      },
      "oauth_client": [
        {
          "client_id": "913126655251-tfpakl1nja9kp10ltae7jp94gsbtt4s7.apps.googleusercontent.com",
          "client_type": 1,
          "android_info": {
            "package_name": "com.cygnus.artisthub",
            "certificate_hash": "9bbb3186b2189ef16d8f272bdab59362c395cbb4"
          }
        },
        {
          "client_id": "913126655251-8774bm679a26k5rpcp8f1kuo7q1j8504.apps.googleusercontent.com",
          "client_type": 3
        }
      ],
      "api_key": [
        {
          "current_key": "AIzaSyDKg3W83ACxvBmA-9KQ9IGrtzBkPY-Y-Ms"
        }
      ],
      "services": {
        "appinvite_service": {
          "other_platform_oauth_client": [
            {
              "client_id": "913126655251-8774bm679a26k5rpcp8f1kuo7q1j8504.apps.googleusercontent.com",
              "client_type": 3
            },
            {
              "client_id": "913126655251-4vho5r62frnibhen2hkc9qm3lord4dh4.apps.googleusercontent.com",
              "client_type": 2,
              "ios_info": {
                "bundle_id": "com.cygnus.artisthub"
              }
            }
          ]
        }
      }
    },
    {
      "client_info": {
        "mobilesdk_app_id": "1:913126655251:android:1ee794164642a52f3446e6",
        "android_client_info": {
          "package_name": "com.mycompany.mobileapp202301"
        }
      },
      "oauth_client": [
        {
          "client_id": "913126655251-ln31b5avi9rgumjuaifq9ihpv6i8buli.apps.googleusercontent.com",
          "client_type": 1,
          "android_info": {
            "package_name": "com.mycompany.mobileapp202301",
            "certificate_hash": "9bbb3186b2189ef16d8f272bdab59362c395cbb4"
          }
        },
        {
          "client_id": "913126655251-8774bm679a26k5rpcp8f1kuo7q1j8504.apps.googleusercontent.com",
          "client_type": 3
        }
      ],
      "api_key": [
        {
          "current_key": "AIzaSyDKg3W83ACxvBmA-9KQ9IGrtzBkPY-Y-Ms"
        }
      ],
      "services": {
        "appinvite_service": {
          "other_platform_oauth_client": [
            {
              "client_id": "913126655251-8774bm679a26k5rpcp8f1kuo7q1j8504.apps.googleusercontent.com",
              "client_type": 3
            },
            {
              "client_id": "913126655251-4vho5r62frnibhen2hkc9qm3lord4dh4.apps.googleusercontent.com",
              "client_type": 2,
              "ios_info": {
                "bundle_id": "com.cygnus.artisthub"
              }
            }
          ]
        }
      }
    }
  ],
  "configuration_version": "1"
}